記事ID,タイトル,URL,文字数,見出し数,まとめあり,画像数,内部リンク数,メタディスクリプションあり,メタディスクリプション文字数,改善推奨,改善項目
267,「AIを使いこなせない」を卒業！KMSのAI AgentがClaude 4.5実装で非エンジニアの業務を劇的に変える仕組み,https://techsimpleapp.main.jp/2026/02/14/%e3%80%8cai%e3%82%92%e4%bd%bf%e3%81%84%e3%81%93%e3%81%aa%e3%81%9b%e3%81%aa%e3%81%84%e3%80%8d%e3%82%92%e5%8d%92%e6%a5%ad%ef%bc%81kms%e3%81%aeai-agent%e3%81%8cclaude-4-5%e5%ae%9f%e8%a3%85%e3%81%a7/,5451,15,あり,0,5,あり,91,要改善,画像の追加
264,AI議事録が会議の常識を覆す！日本特化「Meet AI+」で議事録作成90%削減の衝撃,https://techsimpleapp.main.jp/2026/02/13/ai%e8%ad%b0%e4%ba%8b%e9%8c%b2%e3%81%8c%e4%bc%9a%e8%ad%b0%e3%81%ae%e5%b8%b8%e8%ad%98%e3%82%92%e8%a6%86%e3%81%99%ef%bc%81%e6%97%a5%e6%9c%ac%e7%89%b9%e5%8c%96%e3%80%8cmeet-ai%e3%80%8d%e3%81%a7%e8%ad%b0/,4651,19,あり,0,5,あり,2166,要改善,画像の追加
248,「AI、現場で使いこなせてる？」マーケ・営業必見の無料AIノウハウ、YouTubeで公開開始！プロンプト配布の衝撃,https://techsimpleapp.main.jp/2026/02/02/%e3%80%8cai%e3%80%81%e7%8f%be%e5%a0%b4%e3%81%a7%e4%bd%bf%e3%81%84%e3%81%93%e3%81%aa%e3%81%9b%e3%81%a6%e3%82%8b%ef%bc%9f%e3%80%8d%e3%83%9e%e3%83%bc%e3%82%b1%e3%83%bb%e5%96%b6%e6%a5%ad%e5%bf%85%e8%a6%8b/,3495,16,あり,3,5,あり,3490,良好,
247,AIニュース追うの疲れた人必見！国内最大級メルマガが新ツールとChatGPT広告の裏側を深掘り,https://techsimpleapp.main.jp/2026/02/01/ai%e3%83%8b%e3%83%a5%e3%83%bc%e3%82%b9%e8%bf%bd%e3%81%86%e3%81%ae%e7%96%b2%e3%82%8c%e3%81%9f%e4%ba%ba%e5%bf%85%e8%a6%8b%ef%bc%81%e5%9b%bd%e5%86%85%e6%9c%80%e5%a4%a7%e7%b4%9a%e3%83%a1%e3%83%ab%e3%83%9e/,4419,18,あり,0,5,あり,2742,要改善,画像の追加
246,「複雑なAI連携」はもう怖くない？富士ソフトとAWSが「AgentCore」で企業DXを加速する理由,https://techsimpleapp.main.jp/2026/01/31/%e3%80%8c%e8%a4%87%e9%9b%91%e3%81%aaai%e9%80%a3%e6%90%ba%e3%80%8d%e3%81%af%e3%82%82%e3%81%86%e6%80%96%e3%81%8f%e3%81%aa%e3%81%84%ef%bc%9f%e5%af%8c%e5%a3%ab%e3%82%bd%e3%83%95%e3%83%88%e3%81%a8aws/,4486,22,あり,3,5,あり,2711,良好,
243,「まだ生成AI導入で足踏みしてる？」AWSと組んだ国産AIが「安心・安全」なビジネス活用を実現する理由,https://techsimpleapp.main.jp/2026/01/28/%e3%80%8c%e3%81%be%e3%81%a0%e7%94%9f%e6%88%90ai%e5%b0%8e%e5%85%a5%e3%81%a7%e8%b6%b3%e8%b8%8f%e3%81%bf%e3%81%97%e3%81%a6%e3%82%8b%ef%bc%9f%e3%80%8daws%e3%81%a8%e7%b5%84%e3%82%93%e3%81%a0%e5%9b%bd/,5039,19,あり,0,5,あり,3195,要改善,画像の追加
233,「非エンジニアでも数分で導入！」Kotoznaの多言語AIチャットボットが顧客対応を爆速化する仕組み,https://techsimpleapp.main.jp/2026/01/18/%e3%80%8c%e9%9d%9e%e3%82%a8%e3%83%b3%e3%82%b8%e3%83%8b%e3%82%a2%e3%81%a7%e3%82%82%e6%95%b0%e5%88%86%e3%81%a7%e5%b0%8e%e5%85%a5%ef%bc%81%e3%80%8dkotozna%e3%81%ae%e5%a4%9a%e8%a8%80%e8%aa%9eai%e3%83%81/,6627,21,あり,3,5,あり,2912,良好,
232,RPA・AI連携の「まさか」を防ぐ！【中小企業必見】統合管理クラウドがセキュリティを大幅強化する理由,https://techsimpleapp.main.jp/2026/01/17/rpa%e3%83%bbai%e9%80%a3%e6%90%ba%e3%81%ae%e3%80%8c%e3%81%be%e3%81%95%e3%81%8b%e3%80%8d%e3%82%92%e9%98%b2%e3%81%90%ef%bc%81%e3%80%90%e4%b8%ad%e5%b0%8f%e4%bc%81%e6%a5%ad%e5%bf%85%e8%a6%8b%e3%80%91/,6602,25,あり,0,5,あり,2459,要改善,画像の追加
230,EC担当者必見！顧客情報バラバラ問題、KNOTBOX×ecforce連携で解決！LINEパーソナル接客で売上最大化,https://techsimpleapp.main.jp/2026/01/15/ec%e6%8b%85%e5%bd%93%e8%80%85%e5%bf%85%e8%a6%8b%ef%bc%81%e9%a1%a7%e5%ae%a2%e6%83%85%e5%a0%b1%e3%83%90%e3%83%a9%e3%83%90%e3%83%a9%e5%95%8f%e9%a1%8c%e3%80%81knotboxxecforce%e9%80%a3%e6%90%ba/,5034,17,あり,0,5,あり,3211,要改善,画像の追加
229,「何が最適解か迷うマーケター必見」優れた実践を学ぶ「BEST OF MARKETING AWARD 2026」が示すDX加速のヒント,https://techsimpleapp.main.jp/2026/01/14/%e3%80%8c%e4%bd%95%e3%81%8c%e6%9c%80%e9%81%a9%e8%a7%a3%e3%81%8b%e8%bf%b7%e3%81%86%e3%83%9e%e3%83%bc%e3%82%b1%e3%82%bf%e3%83%bc%e5%bf%85%e8%a6%8b%e3%80%8d%e5%84%aa%e3%82%8c%e3%81%9f%e5%ae%9f%e8%b7%b5/,3607,18,あり,0,5,あり,2874,要改善,画像の追加
227,「DX推進で不安」な経営者へ。AutoDateが情報セキュリティ国際認証で「安全な自動化」を叶える仕組み,https://techsimpleapp.main.jp/2026/01/12/%e3%80%8cdx%e6%8e%a8%e9%80%b2%e3%81%a7%e4%b8%8d%e5%ae%89%e3%80%8d%e3%81%aa%e7%b5%8c%e5%96%b6%e8%80%85%e3%81%b8%e3%80%82autodate%e3%81%8c%e6%83%85%e5%a0%b1%e3%82%bb%e3%82%ad%e3%83%a5%e3%83%aa%e3%83%86/,3878,16,あり,0,5,あり,1979,要改善,画像の追加
222,「イメージ違い」でAI画像生成に疲弊してない？GMO天秤AIが最大3つのAI同時実行で爆速改善🎨,https://techsimpleapp.main.jp/2026/01/07/%e3%80%8c%e3%82%a4%e3%83%a1%e3%83%bc%e3%82%b8%e9%81%95%e3%81%84%e3%80%8d%e3%81%a7ai%e7%94%bb%e5%83%8f%e7%94%9f%e6%88%90%e3%81%ab%e7%96%b2%e5%bc%8a%e3%81%97%e3%81%a6%e3%81%aa%e3%81%84%ef%bc%9fgmo/,4139,20,あり,2,5,あり,2861,要改善,画像の追加
218,AIアートで稼ぎたい人必見！日本最高額NFTクリエイターが「AI講師」になる理由、スキルアップの秘訣,https://techsimpleapp.main.jp/2026/01/03/ai%e3%82%a2%e3%83%bc%e3%83%88%e3%81%a7%e7%a8%bc%e3%81%8e%e3%81%9f%e3%81%84%e4%ba%ba%e5%bf%85%e8%a6%8b%ef%bc%81%e6%97%a5%e6%9c%ac%e6%9c%80%e9%ab%98%e9%a1%8dnft%e3%82%af%e3%83%aa%e3%82%a8%e3%82%a4/,4012,12,あり,0,5,あり,2883,要改善,画像の追加
174,「AI人材がいない」で止まるDXを打破！最短即日マッチング「AI Ops Manager」が組織を「AIネイティブ」に変革する仕組み,https://techsimpleapp.main.jp/2025/12/20/%e3%80%8cai%e4%ba%ba%e6%9d%90%e3%81%8c%e3%81%84%e3%81%aa%e3%81%84%e3%80%8d%e3%81%a7%e6%ad%a2%e3%81%be%e3%82%8bdx%e3%82%92%e6%89%93%e7%a0%b4%ef%bc%81%e6%9c%80%e7%9f%ad%e5%8d%b3%e6%97%a5%e3%83%9e/,6105,11,あり,0,5,あり,3019,要改善,画像の追加
172,「非エンジニアでも分かる」金融DXの新常識：AWS「Partner of the Year」受賞企業から学ぶクラウド選定の勘所,https://techsimpleapp.main.jp/2025/12/18/%e3%80%8c%e9%9d%9e%e3%82%a8%e3%83%b3%e3%82%b8%e3%83%8b%e3%82%a2%e3%81%a7%e3%82%82%e5%88%86%e3%81%8b%e3%82%8b%e3%80%8d%e9%87%91%e8%9e%8ddx%e3%81%ae%e6%96%b0%e5%b8%b8%e8%ad%98%ef%bc%9aaws%e3%80%8cpartne/,5969,19,あり,0,5,あり,2200,要改善,画像の追加
156,AIでリライト時間を大幅短縮！SEOツール「EmmaTools」が変えるコンテンツ制作の未来,https://techsimpleapp.main.jp/2025/12/14/ai%e3%81%a7%e3%83%aa%e3%83%a9%e3%82%a4%e3%83%88%e6%99%82%e9%96%93%e3%82%92%e5%a4%a7%e5%b9%85%e7%9f%ad%e7%b8%ae%ef%bc%81seo%e3%83%84%e3%83%bc%e3%83%ab%e3%80%8cemmatools%e3%80%8d%e3%81%8c%e5%a4%89/,4528,17,あり,0,5,あり,2178,要改善,画像の追加
134,Serverless Frameworkでデプロイ失敗？IAMに必要な権限と解決策メモ【AWS】,https://techsimpleapp.main.jp/2025/05/26/serverless-framework%e3%81%a7%e3%83%87%e3%83%97%e3%83%ad%e3%82%a4%e5%a4%b1%e6%95%97%ef%bc%9fiam%e3%81%ab%e5%bf%85%e8%a6%81%e3%81%aa%e6%a8%a9%e9%99%90%e3%81%a8%e8%a7%a3%e6%b1%ba%e7%ad%96%e3%83%a1/,3783,18,あり,0,2,あり,1229,要改善,画像の追加; 内部リンクの追加
103,和暦・西暦・年齢・干支早見表アプリの使い方,https://techsimpleapp.main.jp/2024/05/09/koyomilist/,2678,16,あり,0,1,あり,1712,要改善,画像の追加; 内部リンクの追加
78,令和6年（24年）春ネットワークスペシャリスト試験受験記,https://techsimpleapp.main.jp/2024/05/03/%e4%bb%a4%e5%92%8c6%e5%b9%b4%e3%83%8d%e3%82%b9%e3%83%9a%e5%8f%97%e9%a8%93%e8%a8%98/,5541,25,あり,0,0,あり,2365,要改善,画像の追加; 内部リンクの追加
52,【簡単】WordPressブログへのGoogleアナリティクス設定方法,https://techsimpleapp.main.jp/2024/04/27/%e3%80%90%e7%b0%a1%e5%8d%98%e3%80%91wordpress%e3%83%96%e3%83%ad%e3%82%b0%e3%81%b8%e3%81%aegoogle%e3%82%a2%e3%83%8a%e3%83%aa%e3%83%86%e3%82%a3%e3%82%af%e3%82%b9%e8%a8%ad%e5%ae%9a%e6%96%b9%e6%b3%95/,7375,27,あり,0,1,あり,3369,要改善,画像の追加; 内部リンクの追加
1,ToDoリスト-シンプル-,https://techsimpleapp.main.jp/2023/05/06/todo%e3%83%aa%e3%82%b9%e3%83%88%e3%82%b7%e3%83%b3%e3%83%97%e3%83%ab/,2748,9,あり,0,1,あり,2721,要改善,画像の追加; 内部リンクの追加
