è¨˜äº‹ID,ã‚¿ã‚¤ãƒˆãƒ«,æ–‡å­—æ•°,å‰Šé™¤ã‚¹ã‚³ã‚¢,å•é¡Œç‚¹,URL,å‰Šé™¤æ¨å¥¨
257,ã€Œã‚·ãƒ³ãƒ—ãƒ«å¯¾å±€æ™‚è¨ˆã€ãƒ—ãƒ©ã‚¤ãƒã‚·ãƒ¼ãƒãƒªã‚·ãƒ¼,1119,13,æ–‡å­—æ•°ã‚„ã‚„ä¸è¶³: 1119æ–‡å­—; ãƒ—ãƒ©ã‚¤ãƒã‚·ãƒ¼ãƒãƒªã‚·ãƒ¼è¨˜äº‹,https://techsimpleapp.main.jp/2026/02/08/%e3%80%8c%e3%82%b7%e3%83%b3%e3%83%97%e3%83%ab%e5%af%be%e5%b1%80%e6%99%82%e8%a8%88%e3%80%8d%e3%83%97%e3%83%a9%e3%82%a4%e3%83%90%e3%82%b7%e3%83%bc%e3%83%9d%e3%83%aa%e3%82%b7%e3%83%bc/,å‰Šé™¤
265,ãƒ—ãƒ©ã‚¤ãƒã‚·ãƒ¼ãƒãƒªã‚·ãƒ¼ / Privacy Policy â€“ ã¤ã¿ãŸã¦ç¿’æ…£ / Habit Stack,3152,10,ãƒ—ãƒ©ã‚¤ãƒã‚·ãƒ¼ãƒãƒªã‚·ãƒ¼è¨˜äº‹,https://techsimpleapp.main.jp/2026/02/13/%e3%83%97%e3%83%a9%e3%82%a4%e3%83%90%e3%82%b7%e3%83%bc%e3%83%9d%e3%83%aa%e3%82%b7%e3%83%bc-privacy-policy-%e3%81%a4%e3%81%bf%e3%81%9f%e3%81%a6%e7%bf%92%e6%85%a3-habit-stack/,å‰Šé™¤
261,ãƒŠãƒ³ãƒ—ãƒ¬é“å ´ ãƒ—ãƒ©ã‚¤ãƒã‚·ãƒ¼ãƒãƒªã‚·ãƒ¼,2059,10,ãƒ—ãƒ©ã‚¤ãƒã‚·ãƒ¼ãƒãƒªã‚·ãƒ¼è¨˜äº‹,https://techsimpleapp.main.jp/2026/02/10/%e3%83%8a%e3%83%b3%e3%83%97%e3%83%ac%e9%81%93%e5%a0%b4-%e3%83%97%e3%83%a9%e3%82%a4%e3%83%90%e3%82%b7%e3%83%bc%e3%83%9d%e3%83%aa%e3%82%b7%e3%83%bc/,å‰Šé™¤
252,ã€ŒAIå…¥ã‚ŒãŸã‘ã©æ´»ç”¨ã§ãã¦ãªã„ï¼Ÿã€éã‚¨ãƒ³ã‚¸ãƒ‹ã‚¢ã§ã‚‚ã‚ã‹ã‚‹ã€Œç”ŸæˆAIæ´»ç”¨ã‚¬ã‚¤ãƒ‰ã€ã§æ¥­å‹™åŠ¹ç‡ã‚’çˆ†ä¸Šã’ã™ã‚‹æ–¹æ³•,2332,10,ç–‘å•å½¢ã‚¿ã‚¤ãƒˆãƒ«; ãƒ—ãƒ¬ã‚¹ãƒªãƒªãƒ¼ã‚¹çš„ï¼ˆãƒãƒƒãƒæ•°: 2ï¼‰; æ¨æ¸¬è¡¨ç¾ãŒå¤šã„ï¼ˆ18ç®‡æ‰€ï¼‰,https://techsimpleapp.main.jp/2026/02/06/%e3%80%8cai%e5%85%a5%e3%82%8c%e3%81%9f%e3%81%91%e3%81%a9%e6%b4%bb%e7%94%a8%e3%81%a7%e3%81%8d%e3%81%a6%e3%81%aa%e3%81%84%ef%bc%9f%e3%80%8d%e9%9d%9e%e3%82%a8%e3%83%b3%e3%82%b8%e3%83%8b%e3%82%a2%e3%81%a7/,å‰Šé™¤
52,ã€ç°¡å˜ã€‘WordPressãƒ–ãƒ­ã‚°ã¸ã®Googleã‚¢ãƒŠãƒªãƒ†ã‚£ã‚¯ã‚¹è¨­å®šæ–¹æ³•,645,10,æ–‡å­—æ•°ä¸è¶³: 645æ–‡å­—,https://techsimpleapp.main.jp/2024/04/27/%e3%80%90%e7%b0%a1%e5%8d%98%e3%80%91wordpress%e3%83%96%e3%83%ad%e3%82%b0%e3%81%b8%e3%81%aegoogle%e3%82%a2%e3%83%8a%e3%83%aa%e3%83%86%e3%82%a3%e3%82%af%e3%82%b9%e8%a8%ad%e5%ae%9a%e6%96%b9%e6%b3%95/,å‰Šé™¤
1,ToDoãƒªã‚¹ãƒˆ-ã‚·ãƒ³ãƒ—ãƒ«-,154,10,æ–‡å­—æ•°ä¸è¶³: 154æ–‡å­—,https://techsimpleapp.main.jp/2023/05/06/todo%e3%83%aa%e3%82%b9%e3%83%88%e3%82%b7%e3%83%b3%e3%83%97%e3%83%ab/,å‰Šé™¤
263,Amazonåºƒå‘Šã€ã€Œæ²è¼‰æ åˆ¥ç®¡ç†ã€ã¾ã æ‰‹å‹•ã§æ¶ˆè€—ã—ã¦ã‚‹ï¼ŸPicaro.aiã®æ–°æ©Ÿèƒ½ã§å…¥æœ­æœ€é©åŒ–ã¨é‹ç”¨è² è·ã‚’æ¿€æ¸›ã•ã›ã‚‹ç§˜è¨£,2370,7,ç–‘å•å½¢ã‚¿ã‚¤ãƒˆãƒ«; ãƒ—ãƒ¬ã‚¹ãƒªãƒªãƒ¼ã‚¹çš„ï¼ˆãƒãƒƒãƒæ•°: 3ï¼‰,https://techsimpleapp.main.jp/2026/02/12/amazon%e5%ba%83%e5%91%8a%e3%80%81%e3%80%8c%e6%8e%b2%e8%bc%89%e6%9e%a0%e5%88%a5%e7%ae%a1%e7%90%86%e3%80%8d%e3%81%be%e3%81%a0%e6%89%8b%e5%8b%95%e3%81%a7%e6%b6%88%e8%80%97%e3%81%97%e3%81%a6%e3%82%8b/,å‰Šé™¤
249,ã€ŒAmazonåºƒå‘Šã€ã¾ã æ‰‹å‹•ï¼Ÿã€Picaro.AIã®æ–°æ©Ÿèƒ½ã§åºƒå‘Šè²»å¯¾åŠ¹æœ80%UPã‚‚å¤¢ã˜ã‚ƒãªã„ï¼,2541,7,ç–‘å•å½¢ã‚¿ã‚¤ãƒˆãƒ«; ãƒ—ãƒ¬ã‚¹ãƒªãƒªãƒ¼ã‚¹çš„ï¼ˆãƒãƒƒãƒæ•°: 2ï¼‰,https://techsimpleapp.main.jp/2026/02/03/%e3%80%8camazon%e5%ba%83%e5%91%8a%e3%80%81%e3%81%be%e3%81%a0%e6%89%8b%e5%8b%95%ef%bc%9f%e3%80%8dpicaro-ai%e3%81%ae%e6%96%b0%e6%a9%9f%e8%83%bd%e3%81%a7%e5%ba%83%e5%91%8a%e8%b2%bb%e5%af%be%e5%8a%b9/,å‰Šé™¤
236,ã€Œå®¶æ—ã®é€è¿ã€ã‚‚ã†é™ç•Œï¼Ÿã€åŒ»ç™‚ãƒ»ç¦ç¥‰æ¬é€ã®ãƒ—ãƒ­é›†å›£ãŒç§»å‹•ã®æ‚©ã¿ã‚’è§£æ±ºã™ã‚‹ãƒ¯ã‚±,1927,7,ç–‘å•å½¢ã‚¿ã‚¤ãƒˆãƒ«; ãƒ—ãƒ¬ã‚¹ãƒªãƒªãƒ¼ã‚¹çš„ï¼ˆãƒãƒƒãƒæ•°: 2ï¼‰,https://techsimpleapp.main.jp/2026/01/21/%e3%80%8c%e5%ae%b6%e6%97%8f%e3%81%ae%e9%80%81%e8%bf%8e%e3%80%81%e3%82%82%e3%81%86%e9%99%90%e7%95%8c%ef%bc%9f%e3%80%8d%e5%8c%bb%e7%99%82%e3%83%bb%e7%a6%8f%e7%a5%89%e6%90%ac%e9%80%81%e3%81%ae%e3%83%97/,å‰Šé™¤
234,ã€Œã‚»ã‚­ãƒ¥ãƒªãƒ†ã‚£ã€ä½•ã‹ã‚‰ï¼Ÿã€çµŒç”£çœãŠå¢¨ä»˜ãã€Œâ˜…3ãƒ»â˜…4ã€å–å¾—é‹ç”¨ã‚’å°‚é–€å®¶ã¨ï¼ä¸­å°ä¼æ¥­æ‹…å½“è€…ã®æ‚©ã¿ã‚’è§£æ±ºã™ã‚‹æ–°ã‚µãƒ¼ãƒ“ã‚¹çˆ†èª•,1847,7,ç–‘å•å½¢ã‚¿ã‚¤ãƒˆãƒ«; ãƒ—ãƒ¬ã‚¹ãƒªãƒªãƒ¼ã‚¹çš„ï¼ˆãƒãƒƒãƒæ•°: 2ï¼‰,https://techsimpleapp.main.jp/2026/01/19/%e3%80%8c%e3%82%bb%e3%82%ad%e3%83%a5%e3%83%aa%e3%83%86%e3%82%a3%e3%80%81%e4%bd%95%e3%81%8b%e3%82%89%ef%bc%9f%e3%80%8d%e7%b5%8c%e7%94%a3%e7%9c%81%e3%81%8a%e5%a2%a8%e4%bb%98%e3%81%8d%e3%80%8c%e2%98%853/,å‰Šé™¤
219,ã€Œã¾ã AIã‚¢ãƒ¼ãƒˆã‚’è¶£å‘³ã§æ¶ˆè€—ã—ã¦ã‚‹ï¼Ÿã€æ—¥æœ¬æœ€é«˜é¡ã‚’å‡ºã™AIã‚¯ãƒªã‚¨ã‚¤ã‚¿ãƒ¼ãŒæ•™ãˆã‚‹â€œç¨¼ã’ã‚‹â€ç”ŸæˆAIã‚¢ãƒ¼ãƒˆè¡“,2442,7,ç–‘å•å½¢ã‚¿ã‚¤ãƒˆãƒ«; ãƒ—ãƒ¬ã‚¹ãƒªãƒªãƒ¼ã‚¹çš„ï¼ˆãƒãƒƒãƒæ•°: 2ï¼‰,https://techsimpleapp.main.jp/2026/01/04/%e3%80%8c%e3%81%be%e3%81%a0ai%e3%82%a2%e3%83%bc%e3%83%88%e3%82%92%e8%b6%a3%e5%91%b3%e3%81%a7%e6%b6%88%e8%80%97%e3%81%97%e3%81%a6%e3%82%8b%ef%bc%9f%e3%80%8d%e6%97%a5%e6%9c%ac%e6%9c%80%e9%ab%98%e9%a1%8d/,å‰Šé™¤
260,ã€ŒSNSã®ãƒ•ã‚§ã‚¤ã‚¯æƒ…å ±ã€ã¾ã è¦‹æŠœã‘ã¦ãªã„ï¼Ÿã€AIãŒè¡†é™¢é¸ã®SNSå·¥ä½œã¾ã§é˜²ãVeraSnapã®æ­£ä½“,2534,5,ç–‘å•å½¢ã‚¿ã‚¤ãƒˆãƒ«; æ¨æ¸¬è¡¨ç¾ãŒå¤šã„ï¼ˆ15ç®‡æ‰€ï¼‰,https://techsimpleapp.main.jp/2026/02/10/%e3%80%8csns%e3%81%ae%e3%83%95%e3%82%a7%e3%82%a4%e3%82%af%e6%83%85%e5%a0%b1%e3%80%81%e3%81%be%e3%81%a0%e8%a6%8b%e6%8a%9c%e3%81%91%e3%81%a6%e3%81%aa%e3%81%84%ef%bc%9f%e3%80%8dai%e3%81%8c%e8%a1%86/,å‰Šé™¤
240,ã€ŒAWS WAFé‹ç”¨ã«ç–²ã‚ŒãŸITæ‹…å½“è€…ã¸ã€å°‚é–€çŸ¥è­˜ä¸è¦ã§ã‚»ã‚­ãƒ¥ãƒªãƒ†ã‚£å¼·åŒ–ï¼æµ·å¤–å±•é–‹ã‚‚å®‰å¿ƒã®ãƒãƒãƒ¼ã‚¸ãƒ‰ãƒ«ãƒ¼ãƒ«ãŒ3åœ°åŸŸæ‹¡å¤§,2696,5,ãƒ—ãƒ¬ã‚¹ãƒªãƒªãƒ¼ã‚¹çš„ï¼ˆãƒãƒƒãƒæ•°: 2ï¼‰,https://techsimpleapp.main.jp/2026/01/25/%e3%80%8caws-waf%e9%81%8b%e7%94%a8%e3%81%ab%e7%96%b2%e3%82%8c%e3%81%9fit%e6%8b%85%e5%bd%93%e8%80%85%e3%81%b8%e3%80%8d%e5%b0%82%e9%96%80%e7%9f%a5%e8%ad%98%e4%b8%8d%e8%a6%81%e3%81%a7%e3%82%bb%e3%82%ad/,å‰Šé™¤
239,AIæ™‚ä»£ã®SEOã€ãƒ„ãƒ¼ãƒ«è¿·å­ã«çµ‚æ­¢ç¬¦ï¼ŸAhrefsãŒã‚ªãƒ¼ãƒ«ã‚¤ãƒ³ãƒ¯ãƒ³ã§ã€ŒLeaderã€é¸å‡ºã®ãƒ¯ã‚±,2074,5,ç–‘å•å½¢ã‚¿ã‚¤ãƒˆãƒ«; æ¨æ¸¬è¡¨ç¾ãŒå¤šã„ï¼ˆ11ç®‡æ‰€ï¼‰,https://techsimpleapp.main.jp/2026/01/24/ai%e6%99%82%e4%bb%a3%e3%81%aeseo%e3%80%81%e3%83%84%e3%83%bc%e3%83%ab%e8%bf%b7%e5%ad%90%e3%81%ab%e7%b5%82%e6%ad%a2%e7%ac%a6%ef%bc%9fahrefs%e3%81%8c%e3%82%aa%e3%83%bc%e3%83%ab%e3%82%a4%e3%83%b3%e3%83%af/,å‰Šé™¤
224,SmartHRé€£æºã§ç¤¾å“¡ã®å¥åº·ç®¡ç†ãŒãƒã‚¸æ¥½ã«ï¼äººäº‹æ‹…å½“è€…ã®ä½œæ¥­æ™‚é–“ãŒåŠ‡çš„ã«æ¸›ã‚‹æ–°æ©Ÿèƒ½,1886,5,ãƒ—ãƒ¬ã‚¹ãƒªãƒªãƒ¼ã‚¹çš„ï¼ˆãƒãƒƒãƒæ•°: 3ï¼‰,https://techsimpleapp.main.jp/2026/01/09/smarthr%e9%80%a3%e6%90%ba%e3%81%a7%e7%a4%be%e5%93%a1%e3%81%ae%e5%81%a5%e5%ba%b7%e7%ae%a1%e7%90%86%e3%81%8c%e3%83%9e%e3%82%b8%e6%a5%bd%e3%81%ab%ef%bc%81%e4%ba%ba%e4%ba%8b%e6%8b%85%e5%bd%93%e8%80%85/,å‰Šé™¤
221,ã€Œæ–°ã—ã„æš®ã‚‰ã—æ–¹ã‚’æ¢ã—ã¦ã‚‹ï¼Ÿã€â€mostâ€ãŒæ—¥æœ¬ã®å»ºç¯‰ã‚’ãƒ¢ãƒã‚¤ãƒ«åŒ–ã—ã¦ä¸–ç•Œã‚’å¤‰ãˆã‚‹ã£ã¦ã©ã†ã„ã†ã“ã¨ï¼Ÿ,1797,5,ç–‘å•å½¢ã‚¿ã‚¤ãƒˆãƒ«; æ¨æ¸¬è¡¨ç¾ãŒå¤šã„ï¼ˆ12ç®‡æ‰€ï¼‰,https://techsimpleapp.main.jp/2026/01/06/%e3%80%8c%e6%96%b0%e3%81%97%e3%81%84%e6%9a%ae%e3%82%89%e3%81%97%e6%96%b9%e3%82%92%e6%8e%a2%e3%81%97%e3%81%a6%e3%82%8b%ef%bc%9f%e3%80%8dmost%e3%81%8c%e6%97%a5%e6%9c%ac%e3%81%ae%e5%bb%ba%e7%af%89/,å‰Šé™¤
220,éã‚¨ãƒ³ã‚¸ãƒ‹ã‚¢ã§ã‚‚ãƒ—ãƒ­ä¸¦ã¿ï¼AIã§ã‚ªãƒªã‚¸ãƒŠãƒ«MVä½œæˆã€PixAIãŒå‰µä½œã®å£ã‚’ã¶ã£å£Šã™ä»•çµ„ã¿,2284,5,ãƒ—ãƒ¬ã‚¹ãƒªãƒªãƒ¼ã‚¹çš„ï¼ˆãƒãƒƒãƒæ•°: 2ï¼‰,https://techsimpleapp.main.jp/2026/01/05/%e9%9d%9e%e3%82%a8%e3%83%b3%e3%82%b8%e3%83%8b%e3%82%a2%e3%81%a7%e3%82%82%e3%83%97%e3%83%ad%e4%b8%a6%e3%81%bf%ef%bc%81ai%e3%81%a7%e3%82%aa%e3%83%aa%e3%82%b8%e3%83%8a%e3%83%abmv%e4%bd%9c%e6%88%90/,å‰Šé™¤
216,Zä¸–ä»£ã®ãƒ¡ãƒƒã‚»ãƒ¼ã‚¸ãŒåŠ‡çš„ã«é€²åŒ–ï¼Simejiã€AIãƒ©ã‚¤ãƒ–ãƒ©ãƒªã€ãŒã€Œã„ã¤ã‚‚ã®å…¥åŠ›ã€ã‚’ã€Œçˆ†é€Ÿï¼†è¶…å€‹æ€§ã€ã«å¤‰ãˆã‚‹ç†ç”±,2233,5,ãƒ—ãƒ¬ã‚¹ãƒªãƒªãƒ¼ã‚¹çš„ï¼ˆãƒãƒƒãƒæ•°: 2ï¼‰,https://techsimpleapp.main.jp/2026/01/01/z%e4%b8%96%e4%bb%a3%e3%81%ae%e3%83%a1%e3%83%83%e3%82%bb%e3%83%bc%e3%82%b8%e3%81%8c%e5%8a%87%e7%9a%84%e3%81%ab%e9%80%b2%e5%8c%96%ef%bc%81simeji%e3%80%8eai%e3%83%a9%e3%82%a4%e3%83%96%e3%83%a9%e3%83%aa/,å‰Šé™¤
214,ã€Œè³‡æ–™ä½œæˆã®åœ°ç„ã€ã‹ã‚‰è§£æ”¾ï¼Mapifyã®AIæ–°æ©Ÿèƒ½ãŒèª¿æŸ»ãƒ¬ãƒãƒ¼ãƒˆã¨ãƒã‚¤ãƒ³ãƒ‰ãƒãƒƒãƒ—ã‚’çˆ†é€Ÿç”Ÿæˆã™ã‚‹ä»•çµ„ã¿,2050,5,ãƒ—ãƒ¬ã‚¹ãƒªãƒªãƒ¼ã‚¹çš„ï¼ˆãƒãƒƒãƒæ•°: 2ï¼‰,https://techsimpleapp.main.jp/2025/12/30/%e3%80%8c%e8%b3%87%e6%96%99%e4%bd%9c%e6%88%90%e3%81%ae%e5%9c%b0%e7%8d%84%e3%80%8d%e3%81%8b%e3%82%89%e8%a7%a3%e6%94%be%ef%bc%81mapify%e3%81%aeai%e6%96%b0%e6%a9%9f%e8%83%bd%e3%81%8c%e8%aa%bf%e6%9f%bb/,å‰Šé™¤
211,ã€Œæ¨ã—ã¨è©±ã›ã‚‹ã€ã¯å½“ãŸã‚Šå‰ï¼Ÿæ–°AIé€šè©±æ©Ÿèƒ½ãŒãƒ•ã‚¡ãƒ³ä½“é¨“ã‚’çˆ†ä¸Šã’ã™ã‚‹ä»•çµ„ã¿,1890,5,ç–‘å•å½¢ã‚¿ã‚¤ãƒˆãƒ«; æ¨æ¸¬è¡¨ç¾ãŒå¤šã„ï¼ˆ11ç®‡æ‰€ï¼‰,https://techsimpleapp.main.jp/2025/12/27/%e3%80%8c%e6%8e%a8%e3%81%97%e3%81%a8%e8%a9%b1%e3%81%9b%e3%82%8b%e3%80%8d%e3%81%af%e5%bd%93%e3%81%9f%e3%82%8a%e5%89%8d%ef%bc%9f%e6%96%b0ai%e9%80%9a%e8%a9%b1%e6%a9%9f%e8%83%bd%e3%81%8c%e3%83%95%e3%82%a1/,å‰Šé™¤
159,å¯Œå£«ã‚½ãƒ•ãƒˆãŒå—è³ï¼ãƒ©ãƒ³ã‚µãƒ ã‚¦ã‚§ã‚¢æ€¥å¢—æ™‚ä»£ã®ã‚»ã‚­ãƒ¥ãƒªãƒ†ã‚£æˆ¦ç•¥ã‚’3åˆ†é€Ÿç¿’,1402,3,æ–‡å­—æ•°ã‚„ã‚„ä¸è¶³: 1402æ–‡å­—,https://techsimpleapp.main.jp/2025/12/16/%e5%af%8c%e5%a3%ab%e3%82%bd%e3%83%95%e3%83%88%e3%81%8c%e5%8f%97%e8%b3%9e%ef%bc%81%e3%83%a9%e3%83%b3%e3%82%b5%e3%83%a0%e3%82%a6%e3%82%a7%e3%82%a2%e6%80%a5%e5%a2%97%e6%99%82%e4%bb%a3%e3%81%ae%e3%82%bb/,æ®‹ã™
158,ãƒªãƒ©ã‚¤ãƒˆæ¿€å¤‰ï¼AIæ­è¼‰SEOãƒ„ãƒ¼ãƒ«ã€ŒEmmaToolsã€ãŒå¤‰ãˆã‚‹ã‚³ãƒ³ãƒ†ãƒ³ãƒ„ç”Ÿç”£æ€§,1487,3,æ–‡å­—æ•°ã‚„ã‚„ä¸è¶³: 1487æ–‡å­—,https://techsimpleapp.main.jp/2025/12/15/%e3%83%aa%e3%83%a9%e3%82%a4%e3%83%88%e6%bf%80%e5%a4%89%ef%bc%81ai%e6%90%ad%e8%bc%89seo%e3%83%84%e3%83%bc%e3%83%ab%e3%80%8cemmatools%e3%80%8d%e3%81%8c%e5%a4%89%e3%81%88%e3%82%8b%e3%82%b3%e3%83%b3/,æ®‹ã™
154,EXIDEAãŒAI World 2025ã«åˆå‡ºå±•ï¼ãƒ“ã‚¸ãƒã‚¹å¤‰é©ã‚’åŠ é€Ÿã™ã‚‹AIæ´»ç”¨æˆ¦ç•¥ã‚’è€ƒå¯Ÿ,1482,3,æ–‡å­—æ•°ã‚„ã‚„ä¸è¶³: 1482æ–‡å­—,https://techsimpleapp.main.jp/2025/12/14/exidea%e3%81%8cai-world-2025%e3%81%ab%e5%88%9d%e5%87%ba%e5%b1%95%ef%bc%81%e3%83%93%e3%82%b8%e3%83%8d%e3%82%b9%e5%a4%89%e9%9d%a9%e3%82%92%e5%8a%a0%e9%80%9f%e3%81%99%e3%82%8bai%e6%b4%bb%e7%94%a8/,æ®‹ã™
103,å’Œæš¦ãƒ»è¥¿æš¦ãƒ»å¹´é½¢ãƒ»å¹²æ”¯æ—©è¦‹è¡¨ã‚¢ãƒ—ãƒªã®ä½¿ã„æ–¹,1106,3,æ–‡å­—æ•°ã‚„ã‚„ä¸è¶³: 1106æ–‡å­—,https://techsimpleapp.main.jp/2024/05/09/koyomilist/,æ®‹ã™
259,ã€Œè¤‡æ•°ã®ECåœ¨åº«ã€ã¾ã æ‰‹å‹•ã§ï¼Ÿã€BtoB ECÃ—åœ¨åº«ç®¡ç†ã‚·ã‚¹ãƒ†ãƒ ãŒAPIé€£æºã§ã€Œæ‰‹å‹•ä½œæ¥­80%å‰Šæ¸›ã€ã‚‚å¤¢ã˜ã‚ƒãªã„ã£ã¦è©±,1966,2,ç–‘å•å½¢ã‚¿ã‚¤ãƒˆãƒ«,https://techsimpleapp.main.jp/2026/02/09/%e3%80%8c%e8%a4%87%e6%95%b0%e3%81%aeec%e5%9c%a8%e5%ba%ab%e3%80%81%e3%81%be%e3%81%a0%e6%89%8b%e5%8b%95%e3%81%a7%ef%bc%9f%e3%80%8dbtob-ecx%e5%9c%a8%e5%ba%ab%e7%ae%a1%e7%90%86%e3%82%b7%e3%82%b9/,æ®‹ã™
254,ã€Œã¾ã Excelã§ç®¡ç†ã—ã¦ã‚‹ï¼Ÿã€BtoB ECã®å—ç™ºæ³¨ãŒæ¿€å¤‰ï¼ã€Bã‚«ãƒ¼ãƒˆã€Ã—ã€GoQSystemã€é€£æºã§åŠ¹ç‡åŒ–ã®æ¬¡ã¸,2850,2,ç–‘å•å½¢ã‚¿ã‚¤ãƒˆãƒ«,https://techsimpleapp.main.jp/2026/02/08/%e3%80%8c%e3%81%be%e3%81%a0excel%e3%81%a7%e7%ae%a1%e7%90%86%e3%81%97%e3%81%a6%e3%82%8b%ef%bc%9f%e3%80%8dbtob-ec%e3%81%ae%e5%8f%97%e7%99%ba%e6%b3%a8%e3%81%8c%e6%bf%80%e5%a4%89%ef%bc%81%e3%80%8eb/,æ®‹ã™
251,ã€Œã¾ã ãƒãƒƒãƒˆæ¤œç´¢ã ã‘ï¼Ÿã€AI/DXã®æœ€æ–°ãƒˆãƒ¬ãƒ³ãƒ‰ã‚’æœ€é€Ÿã§æ´ã‚€æ–¹æ³•ã€å±•ç¤ºä¼šã®â€ãƒªã‚¢ãƒ«â€ãªä¾¡å€¤ã¨ã¯ï¼Ÿ,1984,2,ç–‘å•å½¢ã‚¿ã‚¤ãƒˆãƒ«,https://techsimpleapp.main.jp/2026/02/05/%e3%80%8c%e3%81%be%e3%81%a0%e3%83%8d%e3%83%83%e3%83%88%e6%a4%9c%e7%b4%a2%e3%81%a0%e3%81%91%ef%bc%9f%e3%80%8dai-dx%e3%81%ae%e6%9c%80%e6%96%b0%e3%83%88%e3%83%ac%e3%83%b3%e3%83%89%e3%82%92%e6%9c%80/,æ®‹ã™
250,ã€Œæ¨ã—æ´»ã€ã®æ–°å¸¸è­˜ï¼ŸAIã¨æãå¤¢ã®ç‰©èªï¼ã€SynClubã€æ–°æ©Ÿèƒ½ã§AIã‚­ãƒ£ãƒ©ãŒæ¼«ç”»ã®ä¸»äººå…¬ã«ï¼,1894,2,ç–‘å•å½¢ã‚¿ã‚¤ãƒˆãƒ«,https://techsimpleapp.main.jp/2026/02/04/%e3%80%8c%e6%8e%a8%e3%81%97%e6%b4%bb%e3%80%8d%e3%81%ae%e6%96%b0%e5%b8%b8%e8%ad%98%ef%bc%9fai%e3%81%a8%e6%8f%8f%e3%81%8f%e5%a4%a2%e3%81%ae%e7%89%a9%e8%aa%9e%ef%bc%81%e3%80%8esynclub%e3%80%8f%e6%96%b0/,æ®‹ã™
245,ã‚¹ãƒãƒ›ä½¿ã†ã ã‘ã§ãƒˆãƒ¼ã‚¯ãƒ³ãŒè²¯ã¾ã‚‹ã£ã¦ãƒã‚¸ï¼Ÿã€ŒRTPãƒ¢ãƒã‚¤ãƒ«ã€ã§å§‹ã‚ã‚‹Web3ç”Ÿæ´»ã®è¡æ’ƒ,2434,2,ç–‘å•å½¢ã‚¿ã‚¤ãƒˆãƒ«,https://techsimpleapp.main.jp/2026/01/30/%e3%82%b9%e3%83%9e%e3%83%9b%e4%bd%bf%e3%81%86%e3%81%a0%e3%81%91%e3%81%a7%e3%83%88%e3%83%bc%e3%82%af%e3%83%b3%e3%81%8c%e8%b2%af%e3%81%be%e3%82%8b%e3%81%a3%e3%81%a6%e3%83%9e%e3%82%b8%ef%bc%9f%e3%80%8crt/,æ®‹ã™
244,ã€Œã¾ã æ‰‹å‹•ã§ãƒ‡ãƒ¼ã‚¿ç§»è¡Œã—ã¦ã‚‹ï¼Ÿã€ResuMAKERã®æ–°APIãŒæ¡ç”¨æ¥­å‹™ã‚’åŠ‡çš„ã«åŠ¹ç‡åŒ–ã™ã‚‹ç†ç”±,2378,2,ç–‘å•å½¢ã‚¿ã‚¤ãƒˆãƒ«,https://techsimpleapp.main.jp/2026/01/29/%e3%80%8c%e3%81%be%e3%81%a0%e6%89%8b%e5%8b%95%e3%81%a7%e3%83%87%e3%83%bc%e3%82%bf%e7%a7%bb%e8%a1%8c%e3%81%97%e3%81%a6%e3%82%8b%ef%bc%9f%e3%80%8dresumaker%e3%81%ae%e6%96%b0api%e3%81%8c%e6%8e%a1/,æ®‹ã™
242,ã€Œè‡ªæ²»ä½“è·å“¡ã•ã‚“å¿…è¦‹ã€AIã£ã¦æœ¬å½“ã«å½¹ç«‹ã¤ï¼Ÿå…ç«¥ç¦ç¥‰DXÃ—ç”ŸæˆAIã§å…ç«¥è™å¾…å¯¾å¿œã‚’å¤‰ãˆã‚‹æœ€å‰ç·šï¼,1768,2,ç–‘å•å½¢ã‚¿ã‚¤ãƒˆãƒ«,https://techsimpleapp.main.jp/2026/01/27/%e3%80%8c%e8%87%aa%e6%b2%bb%e4%bd%93%e8%81%b7%e5%93%a1%e3%81%95%e3%82%93%e5%bf%85%e8%a6%8b%e3%80%8dai%e3%81%a3%e3%81%a6%e6%9c%ac%e5%bd%93%e3%81%ab%e5%bd%b9%e7%ab%8b%e3%81%a4%ef%bc%9f%e5%85%90%e7%ab%a5/,æ®‹ã™
241,ã€ŒAWS WAFã€è¨­å®šå¤§å¤‰ã™ãã€ã£ã¦è¨€ã£ã¦ãªã„ï¼Ÿãƒšãƒ³ã‚¿ã‚»ã‚­ãƒ¥ãƒªãƒ†ã‚£ãŒé€ã‚‹ã‚»ã‚­ãƒ¥ãƒªãƒ†ã‚£å¼·åŒ–ã®è£æŠ€3é¸,1968,2,ç–‘å•å½¢ã‚¿ã‚¤ãƒˆãƒ«,https://techsimpleapp.main.jp/2026/01/26/%e3%80%8caws-waf%e3%80%81%e8%a8%ad%e5%ae%9a%e5%a4%a7%e5%a4%89%e3%81%99%e3%81%8e%e3%80%8d%e3%81%a3%e3%81%a6%e8%a8%80%e3%81%a3%e3%81%a6%e3%81%aa%e3%81%84%ef%bc%9f%e3%83%9a%e3%83%b3%e3%82%bf%e3%82%bb/,æ®‹ã™
238,ã€ŒæŠ•ç¨¿æº–å‚™ã«æ™‚é–“ã‹ã‘ã™ãã€ã¦ãªã„ï¼ŸSEOã®AhrefsãŒæ–°AIã§SNSç®¡ç†ã‚’æ¿€å¤‰ï¼è¤‡æ•°SNSã‚’ã‚µã‚¯ãƒƒã¨é‹ç”¨ã™ã‚‹ç§˜è¨£,2499,2,ç–‘å•å½¢ã‚¿ã‚¤ãƒˆãƒ«,https://techsimpleapp.main.jp/2026/01/23/%e3%80%8c%e6%8a%95%e7%a8%bf%e6%ba%96%e5%82%99%e3%81%ab%e6%99%82%e9%96%93%e3%81%8b%e3%81%91%e3%81%99%e3%81%8e%e3%80%8d%e3%81%a6%e3%81%aa%e3%81%84%ef%bc%9fseo%e3%81%aeahrefs%e3%81%8c%e6%96%b0ai%e3%81%a7/,æ®‹ã™
237,ã€AIè­°äº‹éŒ²ã€çµå±€æ‰‹ç›´ã—å¤šã„å•é¡Œã€è§£æ±ºã¸ï¼ŸStella AIã®é€²åŒ–ç‰ˆã§ä¼šè­°å¾Œã®ä½œæ¥­ã‚’åŠ‡çš„ã«å¤‰ãˆã‚‹ä»•çµ„ã¿,2312,2,ç–‘å•å½¢ã‚¿ã‚¤ãƒˆãƒ«,https://techsimpleapp.main.jp/2026/01/22/%e3%80%8eai%e8%ad%b0%e4%ba%8b%e9%8c%b2%e3%80%81%e7%b5%90%e5%b1%80%e6%89%8b%e7%9b%b4%e3%81%97%e5%a4%9a%e3%81%84%e5%95%8f%e9%a1%8c%e3%80%8f%e8%a7%a3%e6%b1%ba%e3%81%b8%ef%bc%9fstella-ai%e3%81%ae%e9%80%b2/,æ®‹ã™
235,ã€Œè¤‡æ•°ãƒ„ãƒ¼ãƒ«é€£æºã€ã¾ã æ‰‹å‹•ï¼Ÿã€AIãŒæ¥­å‹™ãƒ•ãƒ­ãƒ¼ã‚’è‡ªå¾‹å®Ÿè¡Œã€workrunãŒä½œæ¥­æ™‚é–“80%å‰Šæ¸›ã™ã‚‹ä»•çµ„ã¿,2203,2,ç–‘å•å½¢ã‚¿ã‚¤ãƒˆãƒ«,https://techsimpleapp.main.jp/2026/01/20/%e3%80%8c%e8%a4%87%e6%95%b0%e3%83%84%e3%83%bc%e3%83%ab%e9%80%a3%e6%90%ba%e3%80%81%e3%81%be%e3%81%a0%e6%89%8b%e5%8b%95%ef%bc%9f%e3%80%8dai%e3%81%8c%e6%a5%ad%e5%8b%99%e3%83%95%e3%83%ad%e3%83%bc%e3%82%92/,æ®‹ã™
231,è£½é€ æ¥­ã®ã€ŒExcelãƒã‚¯ãƒ­è·äººã€ã‚’æ•‘ã†ï¼Ÿãƒãƒ£ãƒƒãƒˆã§ç¾å ´æ¥­å‹™ã‚’è‡ªå‹•åŒ–ã™ã‚‹ã€ŒDataFlow AIã€ã£ã¦ã©ã†ï¼Ÿ,2042,2,ç–‘å•å½¢ã‚¿ã‚¤ãƒˆãƒ«,https://techsimpleapp.main.jp/2026/01/16/%e8%a3%bd%e9%80%a0%e6%a5%ad%e3%81%ae%e3%80%8cexcel%e3%83%9e%e3%82%af%e3%83%ad%e8%81%b7%e4%ba%ba%e3%80%8d%e3%82%92%e6%95%91%e3%81%86%ef%bc%9f%e3%83%81%e3%83%a3%e3%83%83%e3%83%88%e3%81%a7%e7%8f%be/,æ®‹ã™
228,ã€ŒDXã‚½ãƒªãƒ¥ãƒ¼ã‚·ãƒ§ãƒ³ã£ã¦ä½•ï¼Ÿã€éã‚¨ãƒ³ã‚¸ãƒ‹ã‚¢ã§ã‚‚åˆ†ã‹ã‚‹AutoDateãŒæƒ…å ±ã‚»ã‚­ãƒ¥ãƒªãƒ†ã‚£ã§å®‰å¿ƒã‚’å±Šã‘ã‚‹ä»•çµ„ã¿,2699,2,ç–‘å•å½¢ã‚¿ã‚¤ãƒˆãƒ«,https://techsimpleapp.main.jp/2026/01/13/%e3%80%8cdx%e3%82%bd%e3%83%aa%e3%83%a5%e3%83%bc%e3%82%b7%e3%83%a7%e3%83%b3%e3%81%a3%e3%81%a6%e4%bd%95%ef%bc%9f%e3%80%8d%e9%9d%9e%e3%82%a8%e3%83%b3%e3%82%b8%e3%83%8b%e3%82%a2%e3%81%a7%e3%82%82%e5%88%86/,æ®‹ã™
226,ã€ŒDXä¸å®‰ã€ã¾ã ã‚»ã‚­ãƒ¥ãƒªãƒ†ã‚£ãŒå¿ƒé…ï¼ŸISO27001èªè¨¼ã®ã€ŒAutoDateã€ãŒä¸­å°ä¼æ¥­ã®ãƒ‡ãƒ¼ã‚¿ç®¡ç†ã«å®‰å¿ƒã‚’å±Šã‘ã‚‹ç†ç”±,2891,2,ç–‘å•å½¢ã‚¿ã‚¤ãƒˆãƒ«,https://techsimpleapp.main.jp/2026/01/11/%e3%80%8cdx%e4%b8%8d%e5%ae%89%e3%80%8d%e3%81%be%e3%81%a0%e3%82%bb%e3%82%ad%e3%83%a5%e3%83%aa%e3%83%86%e3%82%a3%e3%81%8c%e5%bf%83%e9%85%8d%ef%bc%9fiso27001%e8%aa%8d%e8%a8%bc%e3%81%ae%e3%80%8cautodate/,æ®‹ã™
225,DXå°å…¥ã®ã‚»ã‚­ãƒ¥ãƒªãƒ†ã‚£ä¸å®‰ã¯ã‚‚ã†å¤ã„ï¼Ÿã€ŒAutoDateã€ãŒISOèªè¨¼ã§å¶ãˆã‚‹ã€å®‰å¿ƒã¨åŠ¹ç‡åŒ–ã®ä¸¡ç«‹ï¼,2239,2,ç–‘å•å½¢ã‚¿ã‚¤ãƒˆãƒ«,https://techsimpleapp.main.jp/2026/01/10/dx%e5%b0%8e%e5%85%a5%e3%81%ae%e3%82%bb%e3%82%ad%e3%83%a5%e3%83%aa%e3%83%86%e3%82%a3%e4%b8%8d%e5%ae%89%e3%81%af%e3%82%82%e3%81%86%e5%8f%a4%e3%81%84%ef%bc%9f%e3%80%8cautodate%e3%80%8d%e3%81%8ciso/,æ®‹ã™
223,ã¾ã æ‰‹å‹•è¨ºæ–­ã§æ¶ˆè€—ã—ã¦ã‚‹ï¼ŸğŸ˜¨ AIã§è„†å¼±æ€§ã€Œè¨ºæ–­ã€ã¨ã€Œç®¡ç†ã€ã‚’è‡ªå‹•åŒ–ã€DevSecOpsã®éµã¯ã“ã‚Œã ï¼,2301,2,ç–‘å•å½¢ã‚¿ã‚¤ãƒˆãƒ«,https://techsimpleapp.main.jp/2026/01/08/%e3%81%be%e3%81%a0%e6%89%8b%e5%8b%95%e8%a8%ba%e6%96%ad%e3%81%a7%e6%b6%88%e8%80%97%e3%81%97%e3%81%a6%e3%82%8b%ef%bc%9f%f0%9f%98%a8-ai%e3%81%a7%e8%84%86%e5%bc%b1%e6%80%a7%e3%80%8c%e8%a8%ba%e6%96%ad/,æ®‹ã™
217,ã€Œãƒãƒ³ãƒãƒªå¹´é ­æŒ¨æ‹¶ã«çµ‚æ­¢ç¬¦ï¼Ÿã€AIã‚¢ãƒã‚¿ãƒ¼ãŒä¼æ¥­ã®é¡”ã«ã€ã‚«ã‚¹ã‚¿ãƒãƒ¼ã‚¯ãƒ©ã‚¦ãƒ‰ã®å‹•ç”»ç”ŸæˆæŠ€è¡“ãŒåˆ‡ã‚Šé–‹ãæœªæ¥,2211,2,ç–‘å•å½¢ã‚¿ã‚¤ãƒˆãƒ«,https://techsimpleapp.main.jp/2026/01/02/%e3%80%8c%e3%83%9e%e3%83%b3%e3%83%8d%e3%83%aa%e5%b9%b4%e9%a0%ad%e6%8c%a8%e6%8b%b6%e3%81%ab%e7%b5%82%e6%ad%a2%e7%ac%a6%ef%bc%9f%e3%80%8dai%e3%82%a2%e3%83%90%e3%82%bf%e3%83%bc%e3%81%8c%e4%bc%81%e6%a5%ad/,æ®‹ã™
215,ã€Œã‚¤ãƒ™ãƒ³ãƒˆç”»åƒã€é–“ã«åˆã‚ãªã„ï¼ã€ãã®æ‚©ã¿ã€ã‚µã‚¤ãƒãƒ¼ãƒªãƒ³ã‚¯AIãŒè§£æ±ºï¼Ÿå¹´æœ«å¹´å§‹ãƒ†ãƒ³ãƒ—ãƒ¬ã§â€SNSæ˜ ãˆâ€æ™‚çŸ­è¡“,2216,2,ç–‘å•å½¢ã‚¿ã‚¤ãƒˆãƒ«,https://techsimpleapp.main.jp/2025/12/31/%e3%80%8c%e3%82%a4%e3%83%99%e3%83%b3%e3%83%88%e7%94%bb%e5%83%8f%e3%80%81%e9%96%93%e3%81%ab%e5%90%88%e3%82%8f%e3%81%aa%e3%81%84%ef%bc%81%e3%80%8d%e3%81%9d%e3%81%ae%e6%82%a9%e3%81%bf%e3%80%81%e3%82%b5/,æ®‹ã™
213,ã€Œçµå±€ã©ã‚ŒãŒã„ã„ï¼Ÿã€AIãƒ¢ãƒ‡ãƒ«é¸ã³ã«æ‚©ã‚€æ³•äººå¿…è¦‹ï¼ã€ŒTachyonç”ŸæˆAIã€ãŒæœ€å¼·ã®çµ„ã¿åˆã‚ã›ã§æ¥­å‹™åŠ¹ç‡ã‚’çˆ†ä¸Šã’ã™ã‚‹ç†ç”±,2739,2,ç–‘å•å½¢ã‚¿ã‚¤ãƒˆãƒ«,https://techsimpleapp.main.jp/2025/12/29/%e3%80%8c%e7%b5%90%e5%b1%80%e3%81%a9%e3%82%8c%e3%81%8c%e3%81%84%e3%81%84%ef%bc%9f%e3%80%8dai%e3%83%a2%e3%83%87%e3%83%ab%e9%81%b8%e3%81%b3%e3%81%ab%e6%82%a9%e3%82%80%e6%b3%95%e4%ba%ba%e5%bf%85%e8%a6%8b/,æ®‹ã™
212,ã€ŒAIç–²ã‚Œã€ã—ã¦ã‚‹æµé€šãƒ»å°å£²æ¥­ã®äººã¸ã€‚ãƒ´ã‚£ãƒ³ã‚¯ã‚¹ã€ŒRetail Brainã€ã¯ç¾å ´ã®ãƒ ãƒ€ã‚’ã©ã†ãªãã™ï¼Ÿ,2377,2,ç–‘å•å½¢ã‚¿ã‚¤ãƒˆãƒ«,https://techsimpleapp.main.jp/2025/12/28/%e3%80%8cai%e7%96%b2%e3%82%8c%e3%80%8d%e3%81%97%e3%81%a6%e3%82%8b%e6%b5%81%e9%80%9a%e3%83%bb%e5%b0%8f%e5%a3%b2%e6%a5%ad%e3%81%ae%e4%ba%ba%e3%81%b8%e3%80%82%e3%83%b4%e3%82%a3%e3%83%b3%e3%82%af%e3%82%b9/,æ®‹ã™
197,ã€Œã¾ã ç”»åƒãƒ»å‹•ç”»åˆ¶ä½œã«æ™‚é–“ã‹ã‹ã£ã¦ã‚‹ï¼Ÿã€EaseMate AIã®æœ€æ–°AIãŒã‚¯ãƒªã‚¨ã‚¤ãƒ†ã‚£ãƒ–æ¥­å‹™ã‚’åŠ‡çš„ã«å¤‰ãˆã‚‹3ã¤ã®è¦–ç‚¹,2418,2,ç–‘å•å½¢ã‚¿ã‚¤ãƒˆãƒ«,https://techsimpleapp.main.jp/2025/12/26/%e3%80%8c%e3%81%be%e3%81%a0%e7%94%bb%e5%83%8f%e3%83%bb%e5%8b%95%e7%94%bb%e5%88%b6%e4%bd%9c%e3%81%ab%e6%99%82%e9%96%93%e3%81%8b%e3%81%8b%e3%81%a3%e3%81%a6%e3%82%8b%ef%bc%9f%e3%80%8deasemate-ai%e3%81%ae/,æ®‹ã™
179,ã€Œã¾ã äººä»»ã›ã§å¤§ä¸ˆå¤«ï¼Ÿã€å¹´æœ«å¹´å§‹ã®ã‚»ã‚­ãƒ¥ãƒªãƒ†ã‚£ä¸å®‰ã€6å‰²ã®æƒ…ã‚·ã‚¹ãŒæŠ±ãˆã‚‹ãƒ’ãƒ¤ãƒªãƒãƒƒãƒˆã®æ·±å±¤,1739,2,ç–‘å•å½¢ã‚¿ã‚¤ãƒˆãƒ«,https://techsimpleapp.main.jp/2025/12/25/%e3%80%8c%e3%81%be%e3%81%a0%e4%ba%ba%e4%bb%bb%e3%81%9b%e3%81%a7%e5%a4%a7%e4%b8%88%e5%a4%ab%ef%bc%9f%e3%80%8d%e5%b9%b4%e6%9c%ab%e5%b9%b4%e5%a7%8b%e3%81%ae%e3%82%bb%e3%82%ad%e3%83%a5%e3%83%aa%e3%83%86/,æ®‹ã™
178,åŒ»ç™‚ç¾å ´ã®AIå°å…¥ã€ã‚„ã£ã±ã‚Šè‡ªç¤¾é–‹ç™ºãŒæœ€å¼·ï¼Ÿç”Ÿå’Œä¼šã‚°ãƒ«ãƒ¼ãƒ—ã®ã€ŒS-BOTã€ã¨ã€Œmedimoã€ãŒæ¥­å‹™ã‚’æ¿€å¤‰ã•ã›ã‚‹ä»•çµ„ã¿,2140,2,ç–‘å•å½¢ã‚¿ã‚¤ãƒˆãƒ«,https://techsimpleapp.main.jp/2025/12/24/%e5%8c%bb%e7%99%82%e7%8f%be%e5%a0%b4%e3%81%aeai%e5%b0%8e%e5%85%a5%e3%80%81%e3%82%84%e3%81%a3%e3%81%b1%e3%82%8a%e8%87%aa%e7%a4%be%e9%96%8b%e7%99%ba%e3%81%8c%e6%9c%80%e5%bc%b7%ef%bc%9f%e7%94%9f%e5%92%8c/,æ®‹ã™
177,ã€ŒAIå½¼å¥³ãƒ»AIå½¼æ°ã€ã£ã¦ä½•ï¼Ÿç–‘å•ãŒè§£æ¶ˆï¼ã‚«ã‚¹ã‚¿ãƒãƒ¼ã‚¯ãƒ©ã‚¦ãƒ‰ã®AIã‚¢ãƒã‚¿ãƒ¼ãŒ1é€±é–“ã§50ç¤¾ç²å¾—ã—ãŸç†ç”±,2285,2,ç–‘å•å½¢ã‚¿ã‚¤ãƒˆãƒ«,https://techsimpleapp.main.jp/2025/12/23/%e3%80%8cai%e5%bd%bc%e5%a5%b3%e3%83%bbai%e5%bd%bc%e6%b0%8f%e3%80%8d%e3%81%a3%e3%81%a6%e4%bd%95%ef%bc%9f%e7%96%91%e5%95%8f%e3%81%8c%e8%a7%a3%e6%b6%88%ef%bc%81%e3%82%ab%e3%82%b9%e3%82%bf%e3%83%9e/,æ®‹ã™
176,é‡‘èDXã€ã¾ã ãƒ¬ã‚¬ã‚·ãƒ¼ã‚·ã‚¹ãƒ†ãƒ ã§æ¶ˆè€—ã—ã¦ã‚‹ï¼ŸHCLTechÃ—AWSãŒã€Œæœªæ¥ã®é‡‘èã‚µãƒ¼ãƒ“ã‚¹ã€ã‚’åŠ é€Ÿã™ã‚‹èˆå°è£,1985,2,ç–‘å•å½¢ã‚¿ã‚¤ãƒˆãƒ«,https://techsimpleapp.main.jp/2025/12/22/%e9%87%91%e8%9e%8ddx%e3%80%81%e3%81%be%e3%81%a0%e3%83%ac%e3%82%ac%e3%82%b7%e3%83%bc%e3%82%b7%e3%82%b9%e3%83%86%e3%83%a0%e3%81%a7%e6%b6%88%e8%80%97%e3%81%97%e3%81%a6%e3%82%8b%ef%bc%9fhcltechxaws/,æ®‹ã™
175,ã‚¨ãƒ³ã‚¿ãƒ¼ãƒ—ãƒ©ã‚¤ã‚ºDXã€ã¾ã æ‰‹æ¢ã‚Šï¼Ÿã€Œé‡‘èæ¥­ç•Œã®AWSãƒ‘ãƒ¼ãƒˆãƒŠãƒ¼ã‚ªãƒ–ã‚¶ã‚¤ãƒ¤ãƒ¼ã€ãŒç¤ºã™ä¿¡é ¼ã®å¤‰é©ãƒ­ãƒ¼ãƒ‰ãƒãƒƒãƒ—,2378,2,ç–‘å•å½¢ã‚¿ã‚¤ãƒˆãƒ«,https://techsimpleapp.main.jp/2025/12/21/%e3%82%a8%e3%83%b3%e3%82%bf%e3%83%bc%e3%83%97%e3%83%a9%e3%82%a4%e3%82%badx%e3%80%81%e3%81%be%e3%81%a0%e6%89%8b%e6%8e%a2%e3%82%8a%ef%bc%9f%e3%80%8c%e9%87%91%e8%9e%8d%e6%a5%ad%e7%95%8c%e3%81%aeaws/,æ®‹ã™
173,ã€Œã¾ã æ‰‹æ¢ã‚Šï¼Ÿã€ç”ŸæˆAIãƒªã‚¹ã‚­ãƒªãƒ³ã‚°ã®å°å…¥ã§å¤±æ•—ã—ãªã„ãŸã‚ã®ã€Œ3ã¤ã®ãƒã‚§ãƒƒã‚¯ãƒªã‚¹ãƒˆã€,2397,2,ç–‘å•å½¢ã‚¿ã‚¤ãƒˆãƒ«,https://techsimpleapp.main.jp/2025/12/19/%e3%80%8c%e3%81%be%e3%81%a0%e6%89%8b%e6%8e%a2%e3%82%8a%ef%bc%9f%e3%80%8d%e7%94%9f%e6%88%90ai%e3%83%aa%e3%82%b9%e3%82%ad%e3%83%aa%e3%83%b3%e3%82%b0%e3%81%ae%e5%b0%8e%e5%85%a5%e3%81%a7%e5%a4%b1%e6%95%97/,æ®‹ã™
171,ã€Œã¾ã æ‰‹å‹•ã§ã‚„ã£ã¦ã‚‹ï¼Ÿã€SmartHRÃ—Teachme Bizé€£æºã§ã€Œäººäº‹ãƒ»æƒ…ã‚·ã‚¹ã€ã®IDç®¡ç†ãŒåŠ‡çš„ã«å¤‰ã‚ã‚‹ç†ç”±,2191,2,ç–‘å•å½¢ã‚¿ã‚¤ãƒˆãƒ«,https://techsimpleapp.main.jp/2025/12/17/%e3%80%8c%e3%81%be%e3%81%a0%e6%89%8b%e5%8b%95%e3%81%a7%e3%82%84%e3%81%a3%e3%81%a6%e3%82%8b%ef%bc%9f%e3%80%8dsmarthrxteachme-biz%e9%80%a3%e6%90%ba%e3%81%a7%e3%80%8c%e4%ba%ba%e4%ba%8b%e3%83%bb/,æ®‹ã™
264,AIè­°äº‹éŒ²ãŒä¼šè­°ã®å¸¸è­˜ã‚’è¦†ã™ï¼æ—¥æœ¬ç‰¹åŒ–ã€ŒMeet AI+ã€ã§è­°äº‹éŒ²ä½œæˆ90%å‰Šæ¸›ã®è¡æ’ƒ,2136,0,,https://techsimpleapp.main.jp/2026/02/13/ai%e8%ad%b0%e4%ba%8b%e9%8c%b2%e3%81%8c%e4%bc%9a%e8%ad%b0%e3%81%ae%e5%b8%b8%e8%ad%98%e3%82%92%e8%a6%86%e3%81%99%ef%bc%81%e6%97%a5%e6%9c%ac%e7%89%b9%e5%8c%96%e3%80%8cmeet-ai%e3%80%8d%e3%81%a7%e8%ad%b0/,æ®‹ã™
247,AIãƒ‹ãƒ¥ãƒ¼ã‚¹è¿½ã†ã®ç–²ã‚ŒãŸäººå¿…è¦‹ï¼å›½å†…æœ€å¤§ç´šãƒ¡ãƒ«ãƒã‚¬ãŒæ–°ãƒ„ãƒ¼ãƒ«ã¨ChatGPTåºƒå‘Šã®è£å´ã‚’æ·±æ˜ã‚Š,2076,0,,https://techsimpleapp.main.jp/2026/02/01/ai%e3%83%8b%e3%83%a5%e3%83%bc%e3%82%b9%e8%bf%bd%e3%81%86%e3%81%ae%e7%96%b2%e3%82%8c%e3%81%9f%e4%ba%ba%e5%bf%85%e8%a6%8b%ef%bc%81%e5%9b%bd%e5%86%85%e6%9c%80%e5%a4%a7%e7%b4%9a%e3%83%a1%e3%83%ab%e3%83%9e/,æ®‹ã™
243,ã€Œã¾ã ç”ŸæˆAIå°å…¥ã§è¶³è¸ã¿ã—ã¦ã‚‹ï¼Ÿã€AWSã¨çµ„ã‚“ã å›½ç”£AIãŒã€Œå®‰å¿ƒãƒ»å®‰å…¨ã€ãªãƒ“ã‚¸ãƒã‚¹æ´»ç”¨ã‚’å®Ÿç¾ã™ã‚‹ç†ç”±,2233,0,ç–‘å•å½¢ã‚¿ã‚¤ãƒˆãƒ«; ãƒ—ãƒ¬ã‚¹ãƒªãƒªãƒ¼ã‚¹çš„ï¼ˆãƒãƒƒãƒæ•°: 2ï¼‰; æ¨æ¸¬è¡¨ç¾ãŒå¤šã„ï¼ˆ14ç®‡æ‰€ï¼‰; âœ… å®Ÿä½“é¨“ã®å¯èƒ½æ€§ã‚ã‚Šï¼ˆæ®‹ã™ã¹ãï¼‰,https://techsimpleapp.main.jp/2026/01/28/%e3%80%8c%e3%81%be%e3%81%a0%e7%94%9f%e6%88%90ai%e5%b0%8e%e5%85%a5%e3%81%a7%e8%b6%b3%e8%b8%8f%e3%81%bf%e3%81%97%e3%81%a6%e3%82%8b%ef%bc%9f%e3%80%8daws%e3%81%a8%e7%b5%84%e3%82%93%e3%81%a0%e5%9b%bd/,æ®‹ã™
232,RPAãƒ»AIé€£æºã®ã€Œã¾ã•ã‹ã€ã‚’é˜²ãï¼ã€ä¸­å°ä¼æ¥­å¿…è¦‹ã€‘çµ±åˆç®¡ç†ã‚¯ãƒ©ã‚¦ãƒ‰ãŒã‚»ã‚­ãƒ¥ãƒªãƒ†ã‚£ã‚’å¤§å¹…å¼·åŒ–ã™ã‚‹ç†ç”±,2883,0,,https://techsimpleapp.main.jp/2026/01/17/rpa%e3%83%bbai%e9%80%a3%e6%90%ba%e3%81%ae%e3%80%8c%e3%81%be%e3%81%95%e3%81%8b%e3%80%8d%e3%82%92%e9%98%b2%e3%81%90%ef%bc%81%e3%80%90%e4%b8%ad%e5%b0%8f%e4%bc%81%e6%a5%ad%e5%bf%85%e8%a6%8b%e3%80%91/,æ®‹ã™
230,ECæ‹…å½“è€…å¿…è¦‹ï¼é¡§å®¢æƒ…å ±ãƒãƒ©ãƒãƒ©å•é¡Œã€KNOTBOXÃ—ecforceé€£æºã§è§£æ±ºï¼LINEãƒ‘ãƒ¼ã‚½ãƒŠãƒ«æ¥å®¢ã§å£²ä¸Šæœ€å¤§åŒ–,2285,0,,https://techsimpleapp.main.jp/2026/01/15/ec%e6%8b%85%e5%bd%93%e8%80%85%e5%bf%85%e8%a6%8b%ef%bc%81%e9%a1%a7%e5%ae%a2%e6%83%85%e5%a0%b1%e3%83%90%e3%83%a9%e3%83%90%e3%83%a9%e5%95%8f%e9%a1%8c%e3%80%81knotboxxecforce%e9%80%a3%e6%90%ba/,æ®‹ã™
229,ã€Œä½•ãŒæœ€é©è§£ã‹è¿·ã†ãƒãƒ¼ã‚±ã‚¿ãƒ¼å¿…è¦‹ã€å„ªã‚ŒãŸå®Ÿè·µã‚’å­¦ã¶ã€ŒBEST OF MARKETING AWARD 2026ã€ãŒç¤ºã™DXåŠ é€Ÿã®ãƒ’ãƒ³ãƒˆ,1575,0,,https://techsimpleapp.main.jp/2026/01/14/%e3%80%8c%e4%bd%95%e3%81%8c%e6%9c%80%e9%81%a9%e8%a7%a3%e3%81%8b%e8%bf%b7%e3%81%86%e3%83%9e%e3%83%bc%e3%82%b1%e3%82%bf%e3%83%bc%e5%bf%85%e8%a6%8b%e3%80%8d%e5%84%aa%e3%82%8c%e3%81%9f%e5%ae%9f%e8%b7%b5/,æ®‹ã™
227,ã€ŒDXæ¨é€²ã§ä¸å®‰ã€ãªçµŒå–¶è€…ã¸ã€‚AutoDateãŒæƒ…å ±ã‚»ã‚­ãƒ¥ãƒªãƒ†ã‚£å›½éš›èªè¨¼ã§ã€Œå®‰å…¨ãªè‡ªå‹•åŒ–ã€ã‚’å¶ãˆã‚‹ä»•çµ„ã¿,1709,0,,https://techsimpleapp.main.jp/2026/01/12/%e3%80%8cdx%e6%8e%a8%e9%80%b2%e3%81%a7%e4%b8%8d%e5%ae%89%e3%80%8d%e3%81%aa%e7%b5%8c%e5%96%b6%e8%80%85%e3%81%b8%e3%80%82autodate%e3%81%8c%e6%83%85%e5%a0%b1%e3%82%bb%e3%82%ad%e3%83%a5%e3%83%aa%e3%83%86/,æ®‹ã™
218,AIã‚¢ãƒ¼ãƒˆã§ç¨¼ããŸã„äººå¿…è¦‹ï¼æ—¥æœ¬æœ€é«˜é¡NFTã‚¯ãƒªã‚¨ã‚¤ã‚¿ãƒ¼ãŒã€ŒAIè¬›å¸«ã€ã«ãªã‚‹ç†ç”±ã€ã‚¹ã‚­ãƒ«ã‚¢ãƒƒãƒ—ã®ç§˜è¨£,1957,0,,https://techsimpleapp.main.jp/2026/01/03/ai%e3%82%a2%e3%83%bc%e3%83%88%e3%81%a7%e7%a8%bc%e3%81%8e%e3%81%9f%e3%81%84%e4%ba%ba%e5%bf%85%e8%a6%8b%ef%bc%81%e6%97%a5%e6%9c%ac%e6%9c%80%e9%ab%98%e9%a1%8dnft%e3%82%af%e3%83%aa%e3%82%a8%e3%82%a4/,æ®‹ã™
174,ã€ŒAIäººæãŒã„ãªã„ã€ã§æ­¢ã¾ã‚‹DXã‚’æ‰“ç ´ï¼æœ€çŸ­å³æ—¥ãƒãƒƒãƒãƒ³ã‚°ã€ŒAI Ops Managerã€ãŒçµ„ç¹”ã‚’ã€ŒAIãƒã‚¤ãƒ†ã‚£ãƒ–ã€ã«å¤‰é©ã™ã‚‹ä»•çµ„ã¿,2853,0,,https://techsimpleapp.main.jp/2025/12/20/%e3%80%8cai%e4%ba%ba%e6%9d%90%e3%81%8c%e3%81%84%e3%81%aa%e3%81%84%e3%80%8d%e3%81%a7%e6%ad%a2%e3%81%be%e3%82%8bdx%e3%82%92%e6%89%93%e7%a0%b4%ef%bc%81%e6%9c%80%e7%9f%ad%e5%8d%b3%e6%97%a5%e3%83%9e/,æ®‹ã™
172,ã€Œéã‚¨ãƒ³ã‚¸ãƒ‹ã‚¢ã§ã‚‚åˆ†ã‹ã‚‹ã€é‡‘èDXã®æ–°å¸¸è­˜ï¼šAWSã€ŒPartner of the Yearã€å—è³ä¼æ¥­ã‹ã‚‰å­¦ã¶ã‚¯ãƒ©ã‚¦ãƒ‰é¸å®šã®å‹˜æ‰€,2485,0,,https://techsimpleapp.main.jp/2025/12/18/%e3%80%8c%e9%9d%9e%e3%82%a8%e3%83%b3%e3%82%b8%e3%83%8b%e3%82%a2%e3%81%a7%e3%82%82%e5%88%86%e3%81%8b%e3%82%8b%e3%80%8d%e9%87%91%e8%9e%8ddx%e3%81%ae%e6%96%b0%e5%b8%b8%e8%ad%98%ef%bc%9aaws%e3%80%8cpartne/,æ®‹ã™
156,AIã§ãƒªãƒ©ã‚¤ãƒˆæ™‚é–“ã‚’å¤§å¹…çŸ­ç¸®ï¼SEOãƒ„ãƒ¼ãƒ«ã€ŒEmmaToolsã€ãŒå¤‰ãˆã‚‹ã‚³ãƒ³ãƒ†ãƒ³ãƒ„åˆ¶ä½œã®æœªæ¥,1638,0,,https://techsimpleapp.main.jp/2025/12/14/ai%e3%81%a7%e3%83%aa%e3%83%a9%e3%82%a4%e3%83%88%e6%99%82%e9%96%93%e3%82%92%e5%a4%a7%e5%b9%85%e7%9f%ad%e7%b8%ae%ef%bc%81seo%e3%83%84%e3%83%bc%e3%83%ab%e3%80%8cemmatools%e3%80%8d%e3%81%8c%e5%a4%89/,æ®‹ã™
134,Serverless Frameworkã§ãƒ‡ãƒ—ãƒ­ã‚¤å¤±æ•—ï¼ŸIAMã«å¿…è¦ãªæ¨©é™ã¨è§£æ±ºç­–ãƒ¡ãƒ¢ã€AWSã€‘,876,-5,æ–‡å­—æ•°ã‚„ã‚„ä¸è¶³: 876æ–‡å­—; ç–‘å•å½¢ã‚¿ã‚¤ãƒˆãƒ«; âœ… å®Ÿä½“é¨“ã®å¯èƒ½æ€§ã‚ã‚Šï¼ˆæ®‹ã™ã¹ãï¼‰,https://techsimpleapp.main.jp/2025/05/26/serverless-framework%e3%81%a7%e3%83%87%e3%83%97%e3%83%ad%e3%82%a4%e5%a4%b1%e6%95%97%ef%bc%9fiam%e3%81%ab%e5%bf%85%e8%a6%81%e3%81%aa%e6%a8%a9%e9%99%90%e3%81%a8%e8%a7%a3%e6%b1%ba%e7%ad%96%e3%83%a1/,æ®‹ã™
248,ã€ŒAIã€ç¾å ´ã§ä½¿ã„ã“ãªã›ã¦ã‚‹ï¼Ÿã€ãƒãƒ¼ã‚±ãƒ»å–¶æ¥­å¿…è¦‹ã®ç„¡æ–™AIãƒã‚¦ãƒã‚¦ã€YouTubeã§å…¬é–‹é–‹å§‹ï¼ãƒ—ãƒ­ãƒ³ãƒ—ãƒˆé…å¸ƒã®è¡æ’ƒ,1897,-8,ç–‘å•å½¢ã‚¿ã‚¤ãƒˆãƒ«; âœ… å®Ÿä½“é¨“ã®å¯èƒ½æ€§ã‚ã‚Šï¼ˆæ®‹ã™ã¹ãï¼‰,https://techsimpleapp.main.jp/2026/02/02/%e3%80%8cai%e3%80%81%e7%8f%be%e5%a0%b4%e3%81%a7%e4%bd%bf%e3%81%84%e3%81%93%e3%81%aa%e3%81%9b%e3%81%a6%e3%82%8b%ef%bc%9f%e3%80%8d%e3%83%9e%e3%83%bc%e3%82%b1%e3%83%bb%e5%96%b6%e6%a5%ad%e5%bf%85%e8%a6%8b/,æ®‹ã™
246,ã€Œè¤‡é›‘ãªAIé€£æºã€ã¯ã‚‚ã†æ€–ããªã„ï¼Ÿå¯Œå£«ã‚½ãƒ•ãƒˆã¨AWSãŒã€ŒAgentCoreã€ã§ä¼æ¥­DXã‚’åŠ é€Ÿã™ã‚‹ç†ç”±,2088,-8,ç–‘å•å½¢ã‚¿ã‚¤ãƒˆãƒ«; âœ… å®Ÿä½“é¨“ã®å¯èƒ½æ€§ã‚ã‚Šï¼ˆæ®‹ã™ã¹ãï¼‰,https://techsimpleapp.main.jp/2026/01/31/%e3%80%8c%e8%a4%87%e9%9b%91%e3%81%aaai%e9%80%a3%e6%90%ba%e3%80%8d%e3%81%af%e3%82%82%e3%81%86%e6%80%96%e3%81%8f%e3%81%aa%e3%81%84%ef%bc%9f%e5%af%8c%e5%a3%ab%e3%82%bd%e3%83%95%e3%83%88%e3%81%a8aws/,æ®‹ã™
222,ã€Œã‚¤ãƒ¡ãƒ¼ã‚¸é•ã„ã€ã§AIç”»åƒç”Ÿæˆã«ç–²å¼Šã—ã¦ãªã„ï¼ŸGMOå¤©ç§¤AIãŒæœ€å¤§3ã¤ã®AIåŒæ™‚å®Ÿè¡Œã§çˆ†é€Ÿæ”¹å–„ğŸ¨,2232,-8,ç–‘å•å½¢ã‚¿ã‚¤ãƒˆãƒ«; âœ… å®Ÿä½“é¨“ã®å¯èƒ½æ€§ã‚ã‚Šï¼ˆæ®‹ã™ã¹ãï¼‰,https://techsimpleapp.main.jp/2026/01/07/%e3%80%8c%e3%82%a4%e3%83%a1%e3%83%bc%e3%82%b8%e9%81%95%e3%81%84%e3%80%8d%e3%81%a7ai%e7%94%bb%e5%83%8f%e7%94%9f%e6%88%90%e3%81%ab%e7%96%b2%e5%bc%8a%e3%81%97%e3%81%a6%e3%81%aa%e3%81%84%ef%bc%9fgmo/,æ®‹ã™
267,ã€ŒAIã‚’ä½¿ã„ã“ãªã›ãªã„ã€ã‚’å’æ¥­ï¼KMSã®AI AgentãŒClaude 4.5å®Ÿè£…ã§éã‚¨ãƒ³ã‚¸ãƒ‹ã‚¢ã®æ¥­å‹™ã‚’åŠ‡çš„ã«å¤‰ãˆã‚‹ä»•çµ„ã¿,2690,-10,âœ… å®Ÿä½“é¨“ã®å¯èƒ½æ€§ã‚ã‚Šï¼ˆæ®‹ã™ã¹ãï¼‰,https://techsimpleapp.main.jp/2026/02/14/%e3%80%8cai%e3%82%92%e4%bd%bf%e3%81%84%e3%81%93%e3%81%aa%e3%81%9b%e3%81%aa%e3%81%84%e3%80%8d%e3%82%92%e5%8d%92%e6%a5%ad%ef%bc%81kms%e3%81%aeai-agent%e3%81%8cclaude-4-5%e5%ae%9f%e8%a3%85%e3%81%a7/,æ®‹ã™
233,ã€Œéã‚¨ãƒ³ã‚¸ãƒ‹ã‚¢ã§ã‚‚æ•°åˆ†ã§å°å…¥ï¼ã€Kotoznaã®å¤šè¨€èªAIãƒãƒ£ãƒƒãƒˆãƒœãƒƒãƒˆãŒé¡§å®¢å¯¾å¿œã‚’çˆ†é€ŸåŒ–ã™ã‚‹ä»•çµ„ã¿,2592,-10,âœ… å®Ÿä½“é¨“ã®å¯èƒ½æ€§ã‚ã‚Šï¼ˆæ®‹ã™ã¹ãï¼‰,https://techsimpleapp.main.jp/2026/01/18/%e3%80%8c%e9%9d%9e%e3%82%a8%e3%83%b3%e3%82%b8%e3%83%8b%e3%82%a2%e3%81%a7%e3%82%82%e6%95%b0%e5%88%86%e3%81%a7%e5%b0%8e%e5%85%a5%ef%bc%81%e3%80%8dkotozna%e3%81%ae%e5%a4%9a%e8%a8%80%e8%aa%9eai%e3%83%81/,æ®‹ã™
78,ä»¤å’Œ6å¹´ï¼ˆ24å¹´ï¼‰æ˜¥ãƒãƒƒãƒˆãƒ¯ãƒ¼ã‚¯ã‚¹ãƒšã‚·ãƒ£ãƒªã‚¹ãƒˆè©¦é¨“å—é¨“è¨˜,2303,-10,âœ… å®Ÿä½“é¨“ã®å¯èƒ½æ€§ã‚ã‚Šï¼ˆæ®‹ã™ã¹ãï¼‰,https://techsimpleapp.main.jp/2024/05/03/%e4%bb%a4%e5%92%8c6%e5%b9%b4%e3%83%8d%e3%82%b9%e3%83%9a%e5%8f%97%e9%a8%93%e8%a8%98/,æ®‹ã™
